Fund Name,P1,P2,P3,P4,P5,Topsis Score,Rank
M1,0.71,0.5,6.4,63.9,17.88,0.3210392379119187,6
M2,0.82,0.67,4.1,43.6,12.3,0.6262673683379517,2
M3,0.67,0.45,3.0,67.8,17.98,0.5865829401397308,3
M4,0.64,0.41,6.7,68.2,18.99,0.2923515040858679,7
M5,0.69,0.48,5.4,45.5,13.02,0.2900103386791758,8
M6,0.88,0.77,3.5,52.3,14.36,0.801409808554474,1
M7,0.73,0.53,3.8,54.1,14.79,0.5659772953668533,4
M8,0.78,0.61,6.0,35.1,10.62,0.33528550984459254,5
